product_id,routine_step,brand_ko,brand_en,product_name_ko,product_name_en,category_raw,subcategory_raw,skin_types_raw,concerns_raw,texture_raw,best_source_rank,award_count,oliveyoung_global_url,existing_pick,selection_score,normalized_skin_types,normalized_concerns,texture_finish_review,caution_review,image_status,editorial_status,missing_for_promotion,review_notes
P00256,cleanser,비플레인,beplain,녹두 약산성 클렌징폼,Mung Bean pH-Balanced Cleansing Foam 80ml,,,건성|민감성|복합성|아토피|여드름|중성|지성,,,1,2,https://global.oliveyoung.com/product/detail?prdtNo=GA210001977,True,122.0,,,,,needs_review,needs_review,texture_finish,
P00072,cleanser,비플레인,beplain,녹두 클렌징 오일,,클렌징/필링,클렌징 오일,지성,모공,,2,1,,False,31.0,,,,,needs_review,needs_review,product_name_en|oliveyoung_global_offer|texture_finish,
P00020,cleanser,토리든,Torriden,다이브인 저분자 히알루론산 클렌징 폼,,클렌징/필링,클렌징 폼,민감성|복합성|여드름|중성|지성,수분,,11,1,,False,30.0,,,,,needs_review,needs_review,product_name_en|oliveyoung_global_offer|texture_finish,
P00214,cleanser,메이크프렘,make p:rem,세이프 미 릴리프 모이스처 클렌징 밀크,,클렌징/필링,클렌징 로션/크림,민감성|복합성|아토피|여드름|중성|지성,보습,,14,2,,False,29.0,,,,,needs_review,needs_review,product_name_en|oliveyoung_global_offer|texture_finish,
P00165,cleanser,아누아,ANUA,어성초 약산성 딥 클렌징 워터,,클렌징/필링,클렌징 워터,,진정,,,2,,False,17.0,,,,,needs_review,needs_review,product_name_en|oliveyoung_global_offer|texture_finish,
P00028,cleanser,메이크프렘,make p:rem,인테카 수딩 클렌징 폼,,클렌징/필링,클렌징 젤,,트러블,,,1,,False,15.0,,,,,needs_review,needs_review,product_name_en|oliveyoung_global_offer|texture_finish,
P00054,mask_exfoliant,메디힐,MEDIHEAL,마데카소사이드 에센셜 마스크 [흔적리페어],,마스크/팩,시트마스크,건성|민감성|복합성|아토피|여드름|중성|지성,브라이트닝,,3,1,,False,38.0,,,,,needs_review,needs_review,product_name_en|oliveyoung_global_offer|texture_finish,
P00019,mask_exfoliant,파티온,PARTION,노스카나인 스팟 패치,,마스크/팩,패치,,트러블,,,2,,False,17.0,,,,,needs_review,needs_review,product_name_en|oliveyoung_global_offer|texture_finish,
P00043,mask_exfoliant,일소,ILSO,슈퍼 멜팅 세범 소프트너,,클렌징/필링,스크럽/필링,,모공,,,2,,False,17.0,,,,,needs_review,needs_review,product_name_en|oliveyoung_global_offer|texture_finish,
P00005,mask_exfoliant,스트라이덱스,Stridex,센시티브 패드,,클렌징/필링,스크럽/필링 패드,,각질,,,1,,False,15.0,,,,,needs_review,needs_review,product_name_en|oliveyoung_global_offer|texture_finish,
P00022,mask_exfoliant,에스네이처,S.NATURE,수퍼 아쿠아겔 오아시스 앰플 마스크,,마스크/팩,시트마스크,,수분,,,1,,False,15.0,,,,,needs_review,needs_review,product_name_en|oliveyoung_global_offer|texture_finish,
P00017,moisturizer,에스네이처,S.NATURE,아쿠아 스쿠알란 수분크림,Aqua Squalane Moisturizing Cream 60ml,스킨케어,크림,건성|민감성|복합성|아토피|여드름|중성|지성,수분,,2,2,https://global.oliveyoung.com/product/detail?prdtNo=GA210610734,True,126.0,,,,,needs_review,needs_review,texture_finish,
P00172,moisturizer,닥터지,Dr.G,레드 블레미쉬 클리어 수딩 크림,Red Blemish Clear Soothing Cream 70ml,스킨케어,크림,,진정,,1,2,https://global.oliveyoung.com/product/detail?prdtNo=GA240222331,True,117.0,,,,,needs_review,needs_review,texture_finish,
P00097,moisturizer,에스트라,AESTURA,아토베리어365 크림,Atobarrier 365 Cream 80mL,스킨케어,크림,,보습,,8,3,https://global.oliveyoung.com/product/detail?prdtNo=GA240121573,True,112.0,,,,,needs_review,needs_review,texture_finish,
P00348,moisturizer,일리윤,illiyoon,세라마이드 아토 집중 크림,Ceramide Ato Concentrate Cream 150mL,젤,,,,,,1,https://global.oliveyoung.com/product/detail?prdtNo=GA250127973,True,95.0,,,,,needs_review,needs_review,texture_finish,
P00159,moisturizer,웰라쥬,WELLAGE,리얼 히알루로닉 수딩 크림,,스킨케어,크림,민감성|복합성|아토피|여드름,수분,,1,1,,False,38.0,,,,,needs_review,needs_review,product_name_en|oliveyoung_global_offer|texture_finish,
P00098,moisturizer,에스트라,AESTURA,아토베리어365 로션,,스킨케어,로션/에멀젼,,보습,,2,1,,False,29.0,,,,,needs_review,needs_review,product_name_en|oliveyoung_global_offer|texture_finish,
P00073,moisturizer,비플레인,beplain,녹두 모공 타이트업 수딩 크림,,스킨케어,크림,,모공,,3,1,,False,28.0,,,,,needs_review,needs_review,product_name_en|oliveyoung_global_offer|texture_finish,
P00006,moisturizer,비플레인,beplain,시카테롤 스팟 트리트먼트,,스킨케어,크림,,트러블,,,1,,False,15.0,,,,,needs_review,needs_review,product_name_en|oliveyoung_global_offer|texture_finish,
P00058,moisturizer,더마펌,Dermafirm,수딩 리페어 토닝 크림 R4,,스킨케어,크림,,브라이트닝,,,1,,False,15.0,,,,,needs_review,needs_review,product_name_en|oliveyoung_global_offer|texture_finish,
P00100,moisturizer,아렌시아,ARENCIA,레드 스무디 로션 5,,스킨케어,로션/에멀젼,,안티에이징,,,1,,False,15.0,,,,,needs_review,needs_review,product_name_en|oliveyoung_global_offer|texture_finish,
P00075,serum,아누아,ANUA,PDRN 히알루론산 캡슐 100 세럼,PDRN Hyaluronic Capsule 100 Serum 30ml,스킨케어,에센스/앰플/세럼,건성|민감성|복합성|아토피|여드름|중성|지성,수분,,1,2,https://global.oliveyoung.com/product/detail?prdtNo=GA240925558,True,127.0,,,,,needs_review,needs_review,texture_finish,
P00249,serum,토리든,Torriden,다이브인 저분자 히알루론산 세럼,Dive-In Serum 50ml,,,,,,1,1,https://global.oliveyoung.com/product/detail?prdtNo=GA210001861,True,110.0,,,,,needs_review,needs_review,texture_finish,
P00262,serum,믹순,mixsoon,콩 에센스,Bean Essence 50mL,스킨케어,에센스/앰플/세럼,,각질,,,2,https://global.oliveyoung.com/product/detail?prdtNo=GA211012101,True,102.0,,,,,needs_review,needs_review,texture_finish,
P00123,serum,웰라쥬,WELLAGE,리얼 히알루로닉 블루 100 앰플,,스킨케어,에센스/앰플/세럼,건성|민감성|복합성|아토피|여드름|중성|지성,수분,,2,1,,False,39.0,,,,,needs_review,needs_review,product_name_en|oliveyoung_global_offer|texture_finish,
P00057,serum,이니스프리,innisfree,레티놀 시카 흔적 앰플,,스킨케어,에센스/앰플/세럼,건성|지성,모공,,1,1,,False,34.0,,,,,needs_review,needs_review,product_name_en|oliveyoung_global_offer|texture_finish,
P00275,serum,레이어랩,Layer Lab,니오좀 판테놀 5% 세럼,,스킨케어,에센스/앰플/세럼,건성|아토피,보습,,1,1,,False,34.0,,,,,needs_review,needs_review,product_name_en|oliveyoung_global_offer|texture_finish,
P00038,serum,코스알엑스,COSRX,더 6 펩타이드 스킨 부스터 세럼,,스킨케어,에센스/앰플/세럼,,안티에이징,,,1,,False,15.0,,,,,needs_review,needs_review,product_name_en|oliveyoung_global_offer|texture_finish,
P00046,serum,넘버즈인,numbuzin,1번 판토텐산 액티브업 수딩세럼,,스킨케어,에센스/앰플/세럼,,트러블,,,1,,False,15.0,,,,,needs_review,needs_review,product_name_en|oliveyoung_global_offer|texture_finish,
P00062,serum,메디힐,MEDIHEAL,마데카소사이드 흔적 리페어 세럼,,스킨케어,에센스/앰플/세럼,,브라이트닝,,,1,,False,15.0,,,,,needs_review,needs_review,product_name_en|oliveyoung_global_offer|texture_finish,
P00250,serum,토리든,Torriden,밸런스풀 시카 진정 세럼,,스킨케어,에센스/앰플/세럼,,진정,,,1,,False,15.0,,,,,needs_review,needs_review,product_name_en|oliveyoung_global_offer|texture_finish,
P00129,sunscreen,아토팜,ATOPALM,징크 마일드 업 선크림 [SPF50+/PA++++],,로션,,,선케어 · 선크림,,14,1,,False,17.0,,,,,needs_review,needs_review,product_name_en|oliveyoung_global_offer|texture_finish,
P00004,sunscreen,라운드랩,ROUND LAB,자작나무 수분 선쿠션 [SPF50+/PA++++],,선케어,선쿠션/팩트,,모이스처,,,1,,False,15.0,,,,,needs_review,needs_review,product_name_en|oliveyoung_global_offer|texture_finish,
P00007,sunscreen,달바,d'Alba,워터풀 선크림 [SPF50+/PA++++] [톤업/핑크],,선케어,선크림/로션,,톤업,,,1,,False,15.0,,,,,needs_review,needs_review,product_name_en|oliveyoung_global_offer|texture_finish,
P00034,sunscreen,듀이트리,Dewytree,어반 쉐이드 쿨 카밍 선스틱 [SPF50+/PA++++],,선케어,선스틱,,진정,,,1,,False,15.0,,,,,needs_review,needs_review,product_name_en|oliveyoung_global_offer|texture_finish,
P00047,sunscreen,메이크프렘,make p:rem,유브이 디펜스 미 노세범 선크림 [SPF50+/PA++++],,선케어,선크림/로션,,노세범,,,1,,False,15.0,,,,,needs_review,needs_review,product_name_en|oliveyoung_global_offer|texture_finish,
P00003,toner,에스네이처,S.NATURE,아쿠아 오아시스 토너,,스킨케어,스킨/토너,건성|민감성|복합성|아토피|여드름|중성|지성,수분,,1,1,,False,40.0,,,,,needs_review,needs_review,product_name_en|oliveyoung_global_offer|texture_finish,
P00084,toner,닥터트웬티프로젝트,,나인 토너,,스킨케어,스킨/토너,건성|민감성|복합성|아토피|여드름|중성|지성,트러블,,1,1,,False,32.0,,,,,needs_review,needs_review,product_name_en|brand_en|oliveyoung_global_offer|texture_finish,
P00082,toner,아비브,ABIB,어성초 흔적 에센스 패드 클리어 터치,,스킨케어,스킨/토너 패드,,진정,,12,3,,False,23.0,,,,,needs_review,needs_review,product_name_en|oliveyoung_global_offer|texture_finish,
P00029,toner,토리든,Torriden,밸런스풀 시카 토너 패드,,스킨케어,스킨/토너 패드,,각질,,,2,,False,17.0,,,,,needs_review,needs_review,product_name_en|oliveyoung_global_offer|texture_finish,
P00180,toner,퓨리피아,Purifia,메타바이옴 토너 패드,,스킨케어,스킨/토너 패드,,브라이트닝,,,2,,False,17.0,,,,,needs_review,needs_review,product_name_en|oliveyoung_global_offer|texture_finish,
P00067,toner,비플레인,beplain,녹두 모공 클리어링 라하 토너,,스킨케어,스킨/토너,,모공,,,1,,False,15.0,,,,,needs_review,needs_review,product_name_en|oliveyoung_global_offer|texture_finish,
