카테고리,국문명,영문명,지역,주소,평점,리뷰수,About
전망대 & 타워,N 서울타워,N Seoul Tower,용산구,서울 용산구 남산공원길 105,4.2,9678,남산 정상에 위치한 서울의 대표 랜드마크 전망대. 낮과 밤 모두 아름다운 시내 전망으로 유명하며 특히 야경 명소로 인기가 높음. 인근 남대문시장과 연계 관광 가능.
전망대 & 타워,롯데월드타워&몰,Lotte World Tower & Mall,송파구,서울 송파구 올림픽로 300(롯데월드 117~123층),4.4,902,"세계 5위권 초고층 빌딩으로 전망대, 스카이워크, 럭셔리 호텔, 쇼핑몰, 레스토랑, 갤러리, 콘서트홀이 결합된 복합시설. 방문에 3시간 이상 소요."
전망대 & 타워,서울스카이,Seoul Sky,송파구,서울 송파구 올림픽로 300(롯데월드타워 117~123층),4.3,303,롯데월드타워 117~123층에 위치한 전망대로 서울에서 가장 높은 전망 명소. 유리 바닥 체험 등이 있으나 편의시설은 다소 부족하다는 평.
전망대 & 타워,서울 한양도성,Seoul City Wall,종로구,종로구 일대(단일 주소 없음),4.4,195,"약 600년 전 축조된 서울 성곽길. 구간별로 난이도와 풍경이 달라 걷기 코스로 인기, 남산·낙산 구간에서 시내 전망 감상 가능."
전망대 & 타워,정동전망대,Jeongdong Observatory,중구,서울 중구 덕수궁길 15 서울시청 서소문별관 13층,4.4,37,"서울시청 서소문별관 13층 무료 전망 공간 겸 카페. 덕수궁을 내려다보는 숨은 명소로, 최근 운영 여부에 혼선이 있어 방문 전 확인 필요."
전망대 & 타워,김포공항 전망대,Gimpo Int'l Airport Observatory Deck,강서구,서울 강서구 하늘길 78 김포국제공항,3.5,20,김포국제공항 국내선 청사 4층 야외 전망대로 항공기 이동을 가까이서 볼 수 있음. 국제선 반대편이라 국내선 항공기만 조망 가능.
전망대 & 타워,종로타워,Jongno Tower,종로구,서울 종로구 종로 51 종각역,3.3,10,"종각역 인근 독특한 타원형 건축물. 예전 30층 전망 데크는 현재 오피스로 전환되어 전망 기능은 없고, 지하 도서관·푸드코트가 있음."
전망대 & 타워,뚝섬 전망문화콤플렉스 J-Bug,Cultural Complex J-Bug,광진구,광진구 뚝섬한강공원 내(정식명칭 서울생각마루),4.0,9,뚝섬한강공원 내 누에 모양 복합문화시설로 도서관·카페·전시공간을 갖추고 한강 야경 조망 가능.
전망대 & 타워,63 스카이피크닉,63 Skypicnic,영등포구,영등포구 63로 50 63빌딩 내(비공식),5.0,10,63빌딩 내 예술과 전망을 결합한 체험형 공간으로 지상 250m 높이에서 예술적 휴식을 즐길 수 있는 아트 전망대.
전망대 & 타워,광진교8번가,Riverview 8th Avenue,강동구,서울 강동구 선사로 4 광진교 중앙지점 하단,3.9,9,"광진교 중앙 하단에 위치한 한강 전망대. 다리 리모델링으로 조성된 랜드마크로, 이용객이 적어 조용하게 즐길 수 있음."
전망대 & 타워,채석장 전망대,Chaeseokjang Observatory,종로구,종로구 창신동 일대(비공식),-,2,창신동 인근 카페 옥상형 전망대. 카페 이용 시에만 옥상 출입 가능한 숨은 도심 전망 명소.
전망대 & 타워,응봉산팔각정,Eungbongsan Palgakjeong,성동구,성동구 응봉동(비공식),5.0,2,응봉산 정상 팔각정으로 한강·성수대교·강변북로 야경을 한눈에 담을 수 있는 서울의 인기 야경 명소.
벼룩시장 & 재래시장,남대문시장,Namdaemun Market,명동,서울 중구 남대문시장4길 21,3.9,2966,"한국 최대 규모 전통시장. 의류·액세서리·공예품·약재 등 판매, 상인이 직접 만든 상품을 좋은 가격에 판매."
벼룩시장 & 재래시장,광장시장,Kwangjang Market,종로구,서울 종로구 창경궁로 88,4.2,2368,"1905년 설립된 국내 최초 사설 상설시장. 빈대떡·마약김밥 등 먹자골목으로 유명, 최근 외국인 관광객 급증."
벼룩시장 & 재래시장,쌈지길,Ssamzigil,인사동,서울 종로구 인사동길 44,3.9,469,나선형 통로를 따라 전통 공예품·기념품·체험공방이 모인 편집매장.
벼룩시장 & 재래시장,노량진 수산물 도매시장,Noryangjin Fisheries Wholesale Market,동작구,서울 동작구 노들로 674,3.9,930,서울 최대 수산물 도매시장. 신선한 회를 구매 후 인근 식당에서 시식 가능.
벼룩시장 & 재래시장,마장 축산물시장,Majang Meat Market,성동구,서울 성동구 마장로31길 40,4.3,111,국내 최대 축산물 유통시장. 저렴하게 한우 구매 후 바로 구워먹기 가능.
벼룩시장 & 재래시장,중부시장,Jungbu Market,중구,주소 미기재(인근지역: 중구),4.2,115,건어물·해산물·인삼 전문 도매시장.
벼룩시장 & 재래시장,망원시장,Mangwon Market,마포구,서울 마포구 포은로8길 14,4.3,48,"망원동 대표 전통시장, 신선한 채소·과일과 먹거리로 유명."
벼룩시장 & 재래시장,가락시장,Garak Market,송파구,서울 송파구 양재대로 932,4.2,46,국내 최대 농수산물 도매시장.
벼룩시장 & 재래시장,서울풍물시장,Seoul Folk Flea Market,동대문구,서울 동대문구 천호대로4길 21,3.6,71,신설동 인근 실내 골동품·구제 시장.
벼룩시장 & 재래시장,동묘벼룩시장,Dongmyo Flea Market,종로구,서울 종로구 숭인동(동묘앞역 3번 출구 인근),4.2,35,"구제·빈티지 벼룩시장, 골동품과 중고의류 판매."
벼룩시장 & 재래시장,마포 농수산물 시장,Mapo Agricultural & Marine Products Market,상암/월드컵공원/DMC,서울 마포구 월드컵로 235,3.9,11,마포월드컵경기장 인근 도매시장. 노량진시장의 저렴한 대안으로 언급됨.
벼룩시장 & 재래시장,공덕시장,Gongdeok Market,마포구,서울 마포구 만리재로 19,3.7,9,"마포 공덕동 명물시장, 족발집으로 유명."
벼룩시장 & 재래시장,종로3가 포장마차 골목,Jongno 3-ga Stalls Alley,광화문/종로,주소 미기재(인근지역: 종로구),4.1,8,"포장마차가 모인 골목, 힙한 감성의 길거리 음식."
벼룩시장 & 재래시장,영등포중앙시장,Yeongdeungpo Market,영등포,서울 영등포구 영등포로 225,3.4,18,"영등포 대표 재래시장, 순댓국 거리로 유명."
벼룩시장 & 재래시장,신흥시장,Shinheung Market,해방촌,서울 용산구 신흥로 95-9,4.4,5,"해방촌 레트로 감성 골목시장, 소품샵·카페."
벼룩시장 & 재래시장,공릉동 도깨비시장,Gongneungdong Goblin Market,노원구,서울 노원구 동일로180길 37,4.3,3,"경춘선숲길과 연결된 아담한 시장, 닭강정·만두 등."
벼룩시장 & 재래시장,영천시장,Yeongcheon Market,서대문,서울 서대문구 성산로 704,4.3,4,"현지인이 즐겨찾는 전통시장, 족발 맛집으로 유명."
벼룩시장 & 재래시장,Myeongdong Night Market,Myeongdong Night Market,명동,서울 Chungmu-ro 2-gil 3,4.7,18,"명동 인근 야시장, 밤에 즐기는 다양한 길거리 음식."
벼룩시장 & 재래시장,영동전통시장,Yeongdong Traditional Market,강남/논현/역삼,정보 부족,4.5,2,정보 부족
벼룩시장 & 재래시장,종로신진시장,Jongno Sinjin Market,광화문/종로,정보 부족,4.3,3,정보 부족
벼룩시장 & 재래시장,암사종합시장,Amsa Complex Market,강동구,정보 부족,4.8,4,정보 부족
벼룩시장 & 재래시장,서울중앙시장,Seoul Central Market,-,정보 부족,3.0,1,정보 부족
벼룩시장 & 재래시장,서울 밤도깨비 야시장-여의도,Seoul Bamdokkaebi Night Market Yeouido,여의도,정보 부족,4.0,2,정보 부족
벼룩시장 & 재래시장,뚝섬 아름다운 나눔장터,Ttukseom Flea Market,광진구,정보 부족,3.7,6,정보 부족
벼룩시장 & 재래시장,청담삼익시장,Cheongdam Samik Market,압구정/청담,정보 부족,4.0,2,정보 부족
벼룩시장 & 재래시장,인현시장,Inhyeon Market,-,정보 부족,4.0,1,정보 부족
벼룩시장 & 재래시장,새마을 전통시장,Saemaul Traditional Market,-,정보 부족,4.0,1,정보 부족
벼룩시장 & 재래시장,중랑동부시장,Dongbu Sijang,중랑구,정보 부족,4.0,1,정보 부족
벼룩시장 & 재래시장,남구로시장,Namguro Market,구로구,정보 부족,3.6,5,정보 부족
벼룩시장 & 재래시장,대림중앙시장,Daerim Central Market,영등포구,정보 부족,3.3,3,정보 부족
벼룩시장 & 재래시장,모래내시장,Moraenae Market,서대문,정보 부족,4.3,3,정보 부족
벼룩시장 & 재래시장,남성사계시장,Namsung Sagye Sijang,-,정보 부족,5.0,2,정보 부족
벼룩시장 & 재래시장,시티스타몰,Citistar Mall,-,정보 부족,2.5,2,정보 부족
벼룩시장 & 재래시장,수유전통시장,Suyu Market,강북구,정보 부족,5.0,1,정보 부족
벼룩시장 & 재래시장,구로시장,Guro Market,구로구,정보 부족,4.0,2,정보 부족
벼룩시장 & 재래시장,후암시장,Huam Market,서울역/시청,정보 부족,3.0,1,정보 부족
벼룩시장 & 재래시장,마켓인 유 - 홍대입구역점,Market In U Hongik Univ. Station,마포구,정보 부족,-,-,정보 부족
벼룩시장 & 재래시장,방학동 도깨비시장,Banghakdong Goblin Market,도봉구,정보 부족,4.5,2,정보 부족
벼룩시장 & 재래시장,펭귄시장,Penguin Traditional Market,관악구,정보 부족,-,-,정보 부족
벼룩시장 & 재래시장,돈암시장,Donam Traditional Market,성북구,정보 부족,5.0,1,정보 부족
벼룩시장 & 재래시장,길음시장,Gileum Sijang,성북구,정보 부족,-,-,정보 부족
벼룩시장 & 재래시장,장미제일시장,Jangmi Jeil Sijang,중랑구,정보 부족,4.0,1,정보 부족
벼룩시장 & 재래시장,마천시장,Macheon Market,송파구,정보 부족,5.0,1,정보 부족
벼룩시장 & 재래시장,둔촌역 전통시장,Dunchon Market,-,정보 부족,4.0,1,정보 부족
벼룩시장 & 재래시장,인왕시장,In Wang Market,서대문,정보 부족,-,-,정보 부족
벼룩시장 & 재래시장,우림시장,Urim Sijang,중랑구,정보 부족,5.0,3,정보 부족
벼룩시장 & 재래시장,용답 푸르미르 상가시장,Yongdap Puleumileu Sangga Sijang,성동구,정보 부족,4.0,2,정보 부족
벼룩시장 & 재래시장,송화벽화시장,Songhwabyeoghwasijang,-,정보 부족,5.0,2,정보 부족
벼룩시장 & 재래시장,성대 전통시장,Seongdae Traditional Market,-,정보 부족,5.0,1,정보 부족
벼룩시장 & 재래시장,중림시장,Jungrim Sijang,-,정보 부족,-,-,정보 부족
벼룩시장 & 재래시장,신원시장,Shinwon Market,-,정보 부족,5.0,1,정보 부족
벼룩시장 & 재래시장,정릉시장,Jeongneung Market,성북구,정보 부족,-,-,정보 부족
벼룩시장 & 재래시장,별빛남문시장,Byeolbichnammunsijang,-,정보 부족,5.0,2,정보 부족
벼룩시장 & 재래시장,잠실 새마을 전통시장,Jamsil Saemaeul Jeontongsijang,-,정보 부족,5.0,1,정보 부족
벼룩시장 & 재래시장,화양제일시장,Hwayangjeilsijang,-,정보 부족,5.0,1,정보 부족
벼룩시장 & 재래시장,장위전통시장,Jangwi Traditional Market,성북구,정보 부족,-,-,정보 부족
벼룩시장 & 재래시장,성내전통시장,Seongnae Traditional Market,-,정보 부족,-,-,정보 부족
벼룩시장 & 재래시장,마루존 김치 백화점,Maruzon Kimchi Market,-,정보 부족,2.0,1,정보 부족
벼룩시장 & 재래시장,금남시장,Geumnam Market,-,정보 부족,-,-,정보 부족
벼룩시장 & 재래시장,신영시장,Sin-yeongsijang,-,정보 부족,5.0,1,정보 부족
벼룩시장 & 재래시장,백운시장,Baekwoon Market,-,정보 부족,-,-,정보 부족
벼룩시장 & 재래시장,용산 용문전통시장,Yongsan Yongmunjeontongsijang,-,정보 부족,-,-,정보 부족
벼룩시장 & 재래시장,강남 영동전통시장,Gangnam Yeongdong Traditional Market,-,정보 부족,-,-,정보 부족
벼룩시장 & 재래시장,대림중앙시장(2),Daelimjung_angsijang,-,정보 부족,-,-,정보 부족
벼룩시장 & 재래시장,해방촌 신흥시장(추가등록),haebangchon sinheungsijang,-,정보 부족,-,-,정보 부족
벼룩시장 & 재래시장,황학동 만물시장,hwanghagdong manmulsijang,-,정보 부족,-,-,정보 부족
쇼핑몰,스타필드 코엑스몰,Starfield COEX Mall,강남구,서울 강남구 영동대로 513,4.0,902,아시아 최대의 지하 쇼핑몰. 국내외 브랜드와 아쿠아리움·영화관·김치박물관 등 관광명소가 함께 있음
쇼핑몰,타임스퀘어,Times Square Mall,영등포구,정보 부족(인근지역: 영등포구),4.1,223,"고급 식당·숙박시설·브랜드 쇼핑·엔터테인먼트 제공, 컨벤션센터와 대형 영화관 스크린 보유"
쇼핑몰,고투 몰,GOTO Mall,서초구,서울 서초구 신반포로 194,4.1,290,"센트럴시티와 고속터미널을 잇는 서울 최대 지하상가, 여성의류 중심의 저렴한 쇼핑"
쇼핑몰,동대문 쇼핑몰,Dongdaemun Shopping Complex,중구,정보 부족(인근지역: 중구),3.8,578,"아시아 최대 단일마켓, 4개 건물로 구성된 패션·원단 도매 쇼핑복합단지"
쇼핑몰,아이파크몰,I'Park Mall,용산/삼각지/이촌,서울 용산구 한강대로23길 55,3.9,118,"용산역 연결 복합쇼핑센터, 영화관·맛집·쇼핑을 한 곳에서 즐길 수 있음"
쇼핑몰,더현대 서울,The Hyundai Seoul,여의도,정보 부족(여의도),4.4,20,"2021년 개장한 미래지향적 플래그십 백화점, 팝업스토어가 자주 열려 인기"
쇼핑몰,롯데아울렛 서울역점,Lotte Outlets Seoul Station,중구,서울 중구 한강대로 405,3.6,288,"서울역 인근 아울렛, 다양한 브랜드와 큰 할인폭으로 쇼핑하기 좋은 곳"
쇼핑몰,IFC 몰,IFC Mall,영등포구,서울 영등포구 여의도동 국제금융로 10,4.0,188,"2012년 개장한 여의도 대표 쇼핑몰, 여의도역과 연결되어 접근성 좋음"
쇼핑몰,커먼그라운드,Common Ground,광진구,서울 광진구 아차산로 200,3.7,186,"200여개 컨테이너로 구성된 국내 최대 컨테이너 팝업몰, 건대 인근 인디 감성 복합문화공간"
쇼핑몰,명동지하상가,Myeongdong Underground Shopping Center,중구(명동),서울 중구 남대문로지하 72,3.6,65,"명동역과 연결된 지하상가, 의류·가방·기념품·K-pop 상품 등 판매"
쇼핑몰,에이피엠 플레이스,Apm Place,중구(동대문),서울 중구 을지로 276,3.9,21,"동대문 소재 9층 규모 여성의류 도매쇼핑몰, 현금 결제 위주"
쇼핑몰,스타일난다 핑크호텔,Stylenanda Pink Hotel Flagship Store,명동,서울 중구 명동8길 37-8,4.1,71,"명동의 핑크 컨셉 플래그십 스토어, 최상층 핑크풀 카페로 인기"
쇼핑몰,메세나폴리스몰,Mecenatpolis Mall,마포구(서교동),서울 마포구 양화로 45,3.9,80,"합정역과 연결된 야외형 쇼핑몰, 다양한 브랜드와 카페·식당 입점"
쇼핑몰,광희 패션몰,Kwanghee Fashion Mall,중구(동대문),정보 부족(인근지역: 중구),4.1,46,"동대문 소재 가죽·모피 도매시장, 합리적 가격의 재킷·가방 판매"
쇼핑몰,가든파이브,Garden 5,송파구(장지동),서울 송파구 충민로 66,3.8,31,"장지역 인근 복합쇼핑몰, NC백화점·현대시티몰·영화관 등 입점"
쇼핑몰,회현 지하상가,Hoehyeon Underground Shopping area,중구(명동),정보 부족(인근지역: 명동),3.5,77,"회현역·신세계백화점 인근 지하상가, 빈티지 카메라·희귀 상품으로 알려짐"
쇼핑몰,남평화 상가,Nampyeonghwa Sangga,중구,서울 중구 장충단로 282-10,3.8,35,"동대문 인근 가방·의류 도매상가, 시중가보다 저렴한 가격"
쇼핑몰,굿모닝시티,Good Morning City,중구(동대문),정보 부족(인근지역: 중구),3.4,50,동대문역 인근 패션·기념품 복합쇼핑몰
쇼핑몰,헬로에이피엠,Hello APM,서대문(아현),서울 중구 장충단로 253,3.3,32,"동대문 인근 남녀 패션 전문 쇼핑몰, 흥정 가능한 가격대"
쇼핑몰,명동밀리오레,Myeongdong Migliore,명동,서울 중구 퇴계로 115,3.1,42,"명동역 인근 대형 패션상가, 저렴하지만 노후화된 시설로 평가됨"
쇼핑몰,롯데몰 은평점,Lotte Mall Eunpyeong,은평구,정보 부족,4.3,8,정보 부족
쇼핑몰,퀸마마마켓,Queen Mama Market,압구정/청담,정보 부족,4.8,4,정보 부족
쇼핑몰,현대시티아울렛 - 동대문점,Hyundai City Outlets Dongdaemun,동대문,정보 부족,3.6,14,정보 부족
쇼핑몰,안녕인사동,Annyoung Insadong,인사동,정보 부족,3.9,7,정보 부족
쇼핑몰,Kukje Electronics Center,Kukje Electronics Center,-,정보 부족,4.0,1,정보 부족
쇼핑몰,동대문종합시장,Dongdaemun Shopping Complex (Jongno),동대문,정보 부족,4.0,13,정보 부족
쇼핑몰,동대문지하쇼핑센터,Dongdaemun Underground Shopping Center,동대문/신당동,정보 부족,3.1,16,정보 부족
쇼핑몰,엔터식스 - 왕십리역점,Enter 6 Wangsimni Station,성동구,정보 부족,4.0,3,정보 부족
쇼핑몰,Lottemart Zettaplex Seoul Station,Lottemart Zettaplex Seoul Station,-,정보 부족,4.0,1,정보 부족
쇼핑몰,서울파이낸스센터,Seoul Finance Center,-,정보 부족,3.9,13,정보 부족
쇼핑몰,선인상가,Sonin Plaza,용산/삼각지/이촌,정보 부족,3.3,7,정보 부족
쇼핑몰,Ak& Hongdae,Ak& Hongdae,-,정보 부족,5.0,1,정보 부족
쇼핑몰,HBAF Almond Store Myeongdong No.1,HBAF Almond Store Myeongdong No.1,-,정보 부족,4.8,5,정보 부족
쇼핑몰,종각지하쇼핑센터,Jonggak Basement Shopping Center,광화문/종로,정보 부족,2.7,3,정보 부족
쇼핑몰,엠플라자,M Plaza,-,정보 부족,3.6,11,정보 부족
쇼핑몰,JN 쇼핑몰,JN Shopping Mall,-,정보 부족,3.8,4,정보 부족
쇼핑몰,Jerrybag In Sungsoo Dong,Jerrybag In Sungsoo Dong,-,정보 부족,5.0,1,정보 부족
쇼핑몰,엔터식스 - 파크에비뉴 한양대점,Enter 6 Park Avenue Hanyang University,-,정보 부족,4.0,2,정보 부족
쇼핑몰,인사동 마루,Insadong Maru,인사동,정보 부족,3.9,14,정보 부족
쇼핑몰,에스엠 엔터테인먼트 센터,SM Entertainment Communication Center,-,정보 부족,3.3,7,정보 부족
쇼핑몰,굿러너컴퍼니 북촌점,Goodrunner,-,정보 부족,-,-,정보 부족
쇼핑몰,데이턴 이태원 맞춤 정장 재단사,Dayton Custom Tailor,이태원,정보 부족,-,-,정보 부족
쇼핑몰,해밀턴,Hamilton Shopping Center,이태원,정보 부족,2.7,12,정보 부족
쇼핑몰,메사,Mesa,-,정보 부족,3.1,9,정보 부족
쇼핑몰,와이즈파크 - 홍대,Y&Z Park Hongdae,홍대,정보 부족,3.0,1,정보 부족
쇼핑몰,하이브랜드 프리미엄 아울렛,Hi Brand Premium Outlet,-,정보 부족,3.5,6,정보 부족
쇼핑몰,소공지하도상가,Sogongdong Underground Shopping Center,-,정보 부족,4.0,2,정보 부족
쇼핑몰,센트럴시티,Senteuleolsiti,-,정보 부족,5.0,1,정보 부족
쇼핑몰,롯데월드타워앤드롯데월드몰,Lotte World Tower and Lotte World Mall,송파구,정보 부족(롯데월드타워&몰과 중복 등록 추정),-,-,정보 부족
쇼핑몰,남대문로지하쇼핑센터,Namdaemun Underground Shopping Center,-,정보 부족,-,-,정보 부족
쇼핑몰,Moneybox Hongdae,Moneybox Hongdae,홍대,정보 부족,5.0,2,정보 부족
쇼핑몰,Zunink Plaza,Zunink Plaza,-,정보 부족,-,-,정보 부족
쇼핑몰,제이레퍼토리,Jay Repertory,-,정보 부족,-,-,정보 부족
쇼핑몰,타임스퀘어(중복 등록),Times Square Seoul,영등포구,정보 부족(타임스퀘어와 중복 등록 추정),-,-,정보 부족
쇼핑몰,MIMILINE,MIMILINE,-,정보 부족,-,-,정보 부족
쇼핑몰,안녕인사동(중복 등록),Annyeong Insadong,인사동,정보 부족(안녕인사동과 중복 등록 추정),-,-,정보 부족
쇼핑몰,견생냥품 24시 무인펫샵 노원역점,Picky Paw Nowon Station,노원구,정보 부족,-,-,정보 부족
쇼핑몰,Techno Mart,Techno Mart,-,정보 부족,-,-,정보 부족
쇼핑몰,견생냥품 24시 무인펫샵 송파문정동점,Picky Paw Songpa Munjeong,송파구,정보 부족,-,-,정보 부족
쇼핑몰,견생냥품 24시 무인펫샵 도봉 쌍문역점,Picky Paw Ssangmun Station,도봉구,정보 부족,-,-,정보 부족
쇼핑몰,Beaker,Beaker,-,정보 부족,-,-,정보 부족
쇼핑몰,견생냥품 24시 무인펫샵 공릉 중앙점,Picky Paw Gongneung Central,노원구,정보 부족,-,-,정보 부족
쇼핑몰,Lalamond,Lalamond,-,정보 부족,-,-,정보 부족
쇼핑몰,Retouch : Vintage Clothing Store,Retouch: Vintage Clothing Store,-,정보 부족,-,-,정보 부족
쇼핑몰,에코쟈뎅 잠실롯데타워점,Ecojardin Jamsil LotteTower HairSalon,송파구,정보 부족,5.0,7,정보 부족
쇼핑몰,롯데몰 김포공항점,Lotte Mall Gimpo Airport,강서구,정보 부족,5.0,1,정보 부족
쇼핑몰,Marhen.j Samcheong Flagship Store,Marhen.j Samcheong Flagship Store,삼청동,정보 부족,-,-,정보 부족
쇼핑몰,ILKW Seoul Showroom,ILKW Seoul Showroom,-,정보 부족,-,-,정보 부족
쇼핑몰,Goldenalchemia,Goldenalchemia,-,정보 부족,-,-,정보 부족
쇼핑몰,LCDC 서울,LCDC SEOUL,-,정보 부족,-,-,정보 부족
쇼핑몰,Lalamond(2),Lalamond,-,정보 부족,-,-,정보 부족
쇼핑몰,PIXPOT Insadong Ssamziegil,PIXPOT Insadong Ssamziegil,인사동,정보 부족,-,-,정보 부족
쇼핑몰,견생냥품,GyeonSaengNyangPum,-,정보 부족,-,-,정보 부족
쇼핑몰,NOBLECOCO - Luxury Boutique & Select Shop,NOBLECOCO,-,정보 부족,-,-,정보 부족
쇼핑몰,The House of Sulwhasoo Bukchon,The House of Sulwhasoo Bukchon,북촌,정보 부족,-,-,정보 부족
쇼핑몰,컨버스 강남,Converse Gangnam,강남구,정보 부족,-,-,정보 부족
쇼핑몰,PIXPOT Hongdae,PIXPOT Hongdae,홍대,정보 부족,-,-,정보 부족
쇼핑몰,PIXPOT Gangnam Kyobo Tower,PIXPOT Gangnam Kyobo Tower,강남구,정보 부족,-,-,정보 부족
쇼핑몰,Kuna-jangrong,Kuna-jangrong,-,정보 부족,-,-,정보 부족
쇼핑몰,Lee bodywear,Lee bodywear,-,정보 부족,-,-,정보 부족
쇼핑몰,Lee Bodywea,Lee Bodywea,-,정보 부족,-,-,정보 부족
쇼핑몰,TWW Flagship Store,TWW Flagship Store,-,정보 부족,-,-,정보 부족
쇼핑몰,Villa Di Metrocity,Villa Di Metrocity,강남구,정보 부족,-,-,정보 부족
쇼핑몰,가위,Kawi,-,정보 부족,-,-,정보 부족
쇼핑몰,Coldframe,Coldframe,-,정보 부족,-,-,정보 부족
쇼핑몰,UNDERCONTROL ROAD HIKER (URH),UNDERCONTROL ROAD HIKER (URH),-,정보 부족,-,-,정보 부족
스파/웰니스,스파고결,Spa Gogyeol,서울 강남구 선릉로132길 13 J&C빌딩 4층,강남구,5,269,"한국 전통 ""기 순환"" 철학을 현대적 테라피로 재해석한 프리미엄 웰니스 스파. 2025년 트립어드바이저 서울 스파 부문 1위 수상, 청담·서초 2개 지점 운영."
스파/웰니스,아르케스파,Areuke Spa,정보 부족 (홍대/상수 인근),홍대/상수,5,28,단독 건물의 프리미엄 에스테틱 브랜드로 피부 진단기기와 컬러테라피를 결합한 1:1 맞춤형 케어를 제공.
스파/웰니스,Laurel studio,Laurel studio,서울 World Cup Buk-ro 7 3f,홍대,5,21,한옥 마루에 누워 한복을 입은 테라피스트에게 페이셜 케어를 받는 K-뷰티 체험 공간으로 외국인 여행자에 특화됨.
스파/웰니스,달콤한 게으름,Dolce Far Niente,서울 말리재로 93 2층,공덕,5,12,조용하고 프라이빗한 분위기의 스파로 임산부 산전관리 프로그램도 제공.
스파/웰니스,아로마 타이 스파 공덕점,Aroma Thai Spa Gongdeok,서울 마포구 독막로 320 태영 데시앙101동 지하 101호,도화동,4.9,336,태국인 마사지사가 진행하는 아로마 마사지 전문점으로 가성비가 좋다는 평가가 많음.
스파/웰니스,레비쉬 스파,Lavish Spa,서울 종로구 동숭3길 6-4 2층,종로구/대학로,4.9,98,친절한 직원과 숙련된 마사지로 재방문율이 높은 스파.
스파/웰니스,2s 압구정,2s Apgujeong,서울 강남구 선릉로157길 6 4층,압구정,4.9,16,압구정 지역에 위치한 스파 시설.
스파/웰니스,마르지아 힐링 스파 - 청담,Marzia Healing Spa - Cheongdam,서울 강남구 삼성로119길 23 4층,강남구,4.9,14,이탈리아 홀리스틱 테라피와 한국 에스테틱을 접목한 데이스파로 여드름·슬리밍 케어에 특화됨.
스파/웰니스,스톤 하우스 헤드 스파,Stone House Head Spa,"서울 언주로147길 B63-22 B1, A동",선릉,4.9,11,프라이버시와 사색을 중시하는 프리미엄 헤드스파.
스파/웰니스,크레이트 웰네스,Create Wellness Center,서울 용산구 이태원로 211 한남빌딩 1층,한남동,4.8,30,헬스클럽·요가·필라테스를 겸비한 웰니스 센터.
스파/웰니스,Eco Jardin Aeogae Branch,Eco Jardin Aeogae Branch,서울 Mapodaero 204 2 2nd Floor,애오개/아현,4.8,17,애오개 지점의 스파/헤어 케어 시설.
스파/웰니스,프로방스 스파 바이 록시땅,Provence Spa by L'OCCITANE,서울 종로구 청계천로 279 JW 메리어트 동대문 스퀘어 서울 9층,종로구,4.8,13,프랑스 록시땅 브랜드의 호텔 스파로 이모르뗄 시그니처 트리트먼트로 알려짐.
스파/웰니스,큐 스파 앤 클리닉,Q Spa & Clinic,정보 부족 (잠원동 인근),잠원동,4.7,11,호텔 내에 위치한 스파로 강남·강북 접근성이 좋은 위치.
스파/웰니스,더 스파 그랜드 하얏트 서울,The Spa Grand Hyatt Seoul,서울 용산구 소월로 322 Garden Level,한남동,4.6,53,그랜드 하얏트 호텔 내 9개의 스파 스위트를 갖춘 도심 속 휴식 공간.
스파/웰니스,스파 1899 동인비,Spa 1899 Donginbi,서울 강남구 영동대로 416 KT&G 타워 B2층,강남구,4.6,25,한국 인삼 브랜드 동인비의 인삼 성분 스파 트리트먼트를 제공.
스파/웰니스,Asuca,Asuca,서울 중구 장충단로 213,중구,4.6,10,정보가 제한적인 스파 시설.
스파/웰니스,인사동 한증막,Insadong Spa Sauna,정보 부족 (인근지역: 종로구/삼청동·북촌),삼청동/북촌,4.5,122,"돌과 황토 돔에서 소나무를 태우는 전통 방식의 한증막으로, 원적외선 효과로 미용과 혈액순환 개선에 도움을 준다고 알려짐."
스파/웰니스,헤라,Hera,서울 중구 명동8가길 39 100-860,명동,4.5,12,일본인 고객이 많이 찾는 명동의 에스테틱 살롱.
스파/웰니스,뱀부테라피,Bamboo Therapy,서울 마포구 양화로18안길 22,마포구,4.4,12,가성비 좋은 발+바디 마사지로 알려졌으나 일부 리뷰에서 폐업 가능성이 언급되어 방문 전 확인이 필요함.
스파/웰니스,미조 에스떼 살롱,MIZO Esthe Salon,서울 중구 충무로 2가 66-9,명동,4.3,25,명동역 인근에 위치하며 시간대별 할인이 있는 에스테틱 살롱.
스파/웰니스,Seoulistique Skin,Seoulistique Skin,서울 Mapo-daero 225,애오개,4.3,10,애오개 인근의 스킨케어 시설.
스파/웰니스,설화수 스파,Sulwhasoo Spa,서울 중구 을지로 30 4층,중구,4.1,15,"설화수 제품을 사용한 페이셜 케어가 특화된 스파로, 얼굴 관리에 대한 평가가 마사지보다 좋은 편."
스파/웰니스,Individuel Geneve,Individuel Geneve,"서울 60, Bongeunsa-ro 47-gil",강남구청 인근,3.9,37,강남구청 인근에 위치한 스파/에스테틱 시설.
스파/웰니스,황금스파,Gold Spa,"서울 중구 청계천로 400 B2F, Lotte Castle",동묘 인근,3.9,14,동묘 근처의 대형 찜질방으로 시설은 오래되었으나 주변 관광지 접근성이 좋음.
스파/웰니스,숲속 한방 랜드,Supsok Hanbang Land,서울 서대문구 봉원동 51,서대문,3.9,11,참나무 숯가마와 한방 마사지를 제공하는 찜질방으로 대중교통 접근이 다소 불편함.
스파/웰니스,스파 레이,Spa Lei,정보 부족 (잠원동 인근),잠원동,3.8,87,여성 전용 찜질방으로 효소가마 찜질과 야외 노천탕을 보유.
스파/웰니스,스파렉스 사우나,Sparex Sauna,서울 종로구 지봉로 19 Season Bldg. 12F,동묘앞,3.6,65,한옥 디자인의 찜질방으로 외국인 단체 관광객 방문이 많음.
스파/웰니스,강변스파랜드,Riverside Spa Land,서울 광진구 구의강변로 45 성진빌딩 지하2층,강변역 인근,3.4,17,"지하 1,200m 게르마늄 탄산 암반유황천을 사용하는 재래식 불한증막."
스파/웰니스,호쿠토시치세이,Hokutosichisei,서울 중구 을지로 78 남광빌딩 406호,중구,3.4,12,정보가 제한적인 스파/마사지 시설.
스파/웰니스,Juno Hair,Juno Hair,정보 부족 (명동 인근),명동,2.7,27,명동 소재 헤어살롱으로 부정적 리뷰가 다수 있음.
스파/웰니스,오투,O2 Body & Foot,서울 중구 남대문로 78,중구,2.7,13,부정적 평가가 많은 발마사지 업체.
스파/웰니스,Eco Jardin,Eco Jardin,서울 Jahamun-ro 9 5th Floor,경복궁 인근,2.6,10,경복궁 인근 스파로 부정적 리뷰가 다수 있음.
스파/웰니스,황족마사지,Hwangjok Massage,서울 중구 명동8나길 12 롯데리아 5층,명동,2.4,19,일본인 관광객을 주 대상으로 하는 마사지+족욕(가라시피쉬) 업체로 평가는 낮은 편.
스파/웰니스,라인에스테,라인에스테,정보 부족,,5,8,정보 부족
스파/웰니스,Bls Clinic Myeongdong,Bls Clinic Myeongdong,정보 부족,,5,7,정보 부족
스파/웰니스,신천 마사지/ 아델 힐링타이,신천 마사지/ 아델 힐링타이,정보 부족,,5,7,정보 부족
스파/웰니스,에코쟈뎅 잠실롯데타워점,에코쟈뎅 잠실롯데타워점,정보 부족,,5,7,정보 부족
스파/웰니스,스파 디어오가닉,스파 디어오가닉,정보 부족,,5,6,정보 부족
스파/웰니스,스포테라피 신촌이대본점,스포테라피 신촌이대본점,정보 부족,,5,6,정보 부족
스파/웰니스,로렐의원,로렐의원,정보 부족,,5,5,정보 부족
스파/웰니스,아드레포,아드레포,정보 부족,,5,5,정보 부족
스파/웰니스,리진의원,리진의원,정보 부족,,5,4,정보 부족
스파/웰니스,플로우스파 강남,플로우스파 강남,정보 부족,,5,4,정보 부족
스파/웰니스,시암타이마사지,시암타이마사지,정보 부족,,5,4,정보 부족
스파/웰니스,팬시스튜디오,팬시스튜디오,정보 부족,,5,4,정보 부족
스파/웰니스,슬럼독 바버샵,슬럼독 바버샵,정보 부족,,5,4,정보 부족
스파/웰니스,네츄럴타이스파 - 역삼점,네츄럴타이스파 - 역삼점,정보 부족,,5,4,정보 부족
스파/웰니스,더풋샵 압구정 갤러리아점,더풋샵 압구정 갤러리아점,정보 부족,,5,3,정보 부족
스파/웰니스,샹프리스파,샹프리스파,정보 부족,,5,3,정보 부족
스파/웰니스,Jfeel Clinic,Jfeel Clinic,정보 부족,,5,3,정보 부족
스파/웰니스,난다 타이 마사지,난다 타이 마사지,정보 부족,,5,3,정보 부족
스파/웰니스,성수불막사우나,성수불막사우나,정보 부족,,5,2,정보 부족
스파/웰니스,Mediheal spa,Mediheal spa,정보 부족,,5,2,정보 부족
스파/웰니스,리버힐스파,리버힐스파,정보 부족,,5,2,정보 부족
스파/웰니스,스파 에이르 - 잠실 롯데월드몰점,스파 에이르 - 잠실 롯데월드몰점,정보 부족,,5,2,정보 부족
스파/웰니스,도담효소찜질,도담효소찜질,정보 부족,,5,2,정보 부족
스파/웰니스,우리건강연구소,우리건강연구소,정보 부족,,5,2,정보 부족
스파/웰니스,K-뷰티 & 스파 양재 강남,K-뷰티 & 스파 양재 강남,정보 부족,,5,2,정보 부족
스파/웰니스,인사동 마사지,인사동 마사지,정보 부족,,5,2,정보 부족
스파/웰니스,JW스파,JW스파,정보 부족,,5,2,정보 부족
스파/웰니스,VOC Spa,VOC Spa,정보 부족,,5,2,정보 부족
스파/웰니스,굿모닝 약손마사지,굿모닝 약손마사지,정보 부족,,5,2,정보 부족
스파/웰니스,Heyday Crossfit,Heyday Crossfit,정보 부족,,5,2,정보 부족
스파/웰니스,스와니 에스테틱 명동점,스와니 에스테틱 명동점,정보 부족,,5,2,정보 부족
스파/웰니스,스파 어바인,스파 어바인,정보 부족,,5,2,정보 부족
스파/웰니스,웰케어,웰케어,정보 부족,,5,2,정보 부족
스파/웰니스,헤버구떼 HEVERGOODDE,헤버구떼 HEVERGOODDE,정보 부족,,5,2,정보 부족
스파/웰니스,티파니스킨,티파니스킨,정보 부족,,5,2,정보 부족
스파/웰니스,어스니스파,어스니스파,정보 부족,,5,2,정보 부족
스파/웰니스,Samsung Leports Center,Samsung Leports Center,정보 부족,,5,2,정보 부족
스파/웰니스,쑥뜸명가 - 잠실본점,쑥뜸명가 - 잠실본점,정보 부족,,5,1,정보 부족
스파/웰니스,숲속한방랜드,숲속한방랜드,정보 부족,,5,1,정보 부족
스파/웰니스,천국한증막,천국한증막,정보 부족,,5,1,정보 부족
스파/웰니스,Head Spa Seoul,Head Spa Seoul,정보 부족,,5,1,정보 부족
스파/웰니스,Sparex Sauna Goodmorning City,Sparex Sauna Goodmorning City,정보 부족,,5,1,정보 부족
스파/웰니스,하노이마사지 압구정점,하노이마사지 압구정점,정보 부족,,5,1,정보 부족
스파/웰니스,베스파,베스파,정보 부족,,5,1,정보 부족
스파/웰니스,Upic Clinic,Upic Clinic,정보 부족,,5,1,정보 부족
스파/웰니스,Danpoong Hanok,Danpoong Hanok,정보 부족,,5,1,정보 부족
스파/웰니스,수정탕,수정탕,정보 부족,,5,1,정보 부족
스파/웰니스,골든사우나,골든사우나,정보 부족,,5,1,정보 부족
스파/웰니스,하나,하나,정보 부족,,5,1,정보 부족
스파/웰니스,메드아로마,메드아로마,정보 부족,,5,1,정보 부족
스파/웰니스,살롱하우스바네프 잠실점,살롱하우스바네프 잠실점,정보 부족,,5,1,정보 부족
스파/웰니스,더벨스파,더벨스파,정보 부족,,5,1,정보 부족
스파/웰니스,Magok Loungespa,Magok Loungespa,정보 부족,,5,1,정보 부족
스파/웰니스,삼모스포렉스,삼모스포렉스,정보 부족,,5,1,정보 부족
스파/웰니스,만족마사지,만족마사지,정보 부족,,5,1,정보 부족
스파/웰니스,스킨스파,스킨스파,정보 부족,,5,1,정보 부족
스파/웰니스,블루아로마,블루아로마,정보 부족,,5,1,정보 부족
스파/웰니스,F45 트레이닝 강남,F45 트레이닝 강남,정보 부족,,5,1,정보 부족
스파/웰니스,바른마사지마마,바른마사지마마,정보 부족,,5,1,정보 부족
스파/웰니스,하타 요가 안,하타 요가 안,정보 부족,,5,1,정보 부족
스파/웰니스,세레니끄 왕십리점,세레니끄 왕십리점,정보 부족,,5,1,정보 부족
스파/웰니스,포시즌스 스파,포시즌스 스파,정보 부족,,5,1,정보 부족
스파/웰니스,나비 에스테틱 논현점,나비 에스테틱 논현점,정보 부족,,5,1,정보 부족
스파/웰니스,Cellenique Aesthetic,Cellenique Aesthetic,정보 부족,,5,1,정보 부족
스파/웰니스,달항 에스테틱 & 헤드스파,달항 에스테틱 & 헤드스파,정보 부족,,5,1,정보 부족
스파/웰니스,엘림피부경락,엘림피부경락,정보 부족,,5,1,정보 부족
스파/웰니스,Bori Spa,Bori Spa,정보 부족,,5,1,정보 부족
스파/웰니스,스파더젠 바이생크몽드,스파더젠 바이생크몽드,정보 부족,,5,1,정보 부족
스파/웰니스,스파 달항,스파 달항,정보 부족,,5,1,정보 부족
스파/웰니스,Jfeelclinic,Jfeelclinic,정보 부족,,5,1,정보 부족
스파/웰니스,박준뷰티랩 성수퍼퓸점,박준뷰티랩 성수퍼퓸점,정보 부족,,5,1,정보 부족
스파/웰니스,코로비아,코로비아,정보 부족,,5,1,정보 부족
스파/웰니스,달팡 시그니처 스파,달팡 시그니처 스파,정보 부족,,5,1,정보 부족
스파/웰니스,이발소 영호룸,이발소 영호룸,정보 부족,,5,1,정보 부족
스파/웰니스,Grabelle Hair - Euljiro Branch,Grabelle Hair - Euljiro Branch,정보 부족,,5,1,정보 부족
스파/웰니스,seoul myeongdong keondisyeon jeonsin mich dupi masaji,seoul myeongdong keondisyeon jeonsin mich dupi masaji,정보 부족,,5,1,정보 부족
스파/웰니스,더풋샵 청담점,더풋샵 청담점,정보 부족,,5,1,정보 부족
스파/웰니스,벤자롱스파 - 창2동점,벤자롱스파 - 창2동점,정보 부족,,5,1,정보 부족
스파/웰니스,래쉬 바이브 서울,래쉬 바이브 서울,정보 부족,,5,1,정보 부족
스파/웰니스,SoiClinic,SoiClinic,정보 부족,,5,1,정보 부족
스파/웰니스,단오풍정,단오풍정,정보 부족,,5,1,정보 부족
스파/웰니스,하이디하우스,하이디하우스,정보 부족,,5,1,정보 부족
스파/웰니스,요가모션,요가모션,정보 부족,,5,1,정보 부족
스파/웰니스,디 오리엔탈,디 오리엔탈,정보 부족,,4.9,7,정보 부족
스파/웰니스,레픽의원,레픽의원,정보 부족,,4.8,4,정보 부족
스파/웰니스,더풋샵,더풋샵,정보 부족,,4.7,3,정보 부족
스파/웰니스,인스파,인스파,정보 부족,,4.7,3,정보 부족
스파/웰니스,파라곤스파,파라곤스파,정보 부족,,4.5,4,정보 부족
스파/웰니스,삼호 궁전 사우나,삼호 궁전 사우나,정보 부족,,4.5,2,정보 부족
스파/웰니스,약손명가 명동점,약손명가 명동점,정보 부족,,4.5,2,정보 부족
스파/웰니스,스파더엘,스파더엘,정보 부족,,4.5,2,정보 부족
스파/웰니스,콘래드 스파,콘래드 스파,정보 부족,,4.5,2,정보 부족
스파/웰니스,풋앤비타,풋앤비타,정보 부족,,4.5,2,정보 부족
스파/웰니스,아시아뷰티,아시아뷰티,정보 부족,,4.5,2,정보 부족
스파/웰니스,반얀 트리 스파,반얀 트리 스파,정보 부족,,4.3,7,정보 부족
스파/웰니스,족도 마사지,족도 마사지,정보 부족,,4.3,7,정보 부족
스파/웰니스,Myeongdong Mud,Myeongdong Mud,정보 부족,,4.3,6,정보 부족
스파/웰니스,우리유황온천,우리유황온천,정보 부족,,4.3,3,정보 부족
스파/웰니스,쉐르빌사우나,쉐르빌사우나,정보 부족,,4.3,3,정보 부족
스파/웰니스,오휘스파 명동,오휘스파 명동,정보 부족,,4,5,정보 부족
스파/웰니스,아모레성수,아모레성수,정보 부족,,4,4,정보 부족
스파/웰니스,휴고 스파,휴고 스파,정보 부족,,4,4,정보 부족
스파/웰니스,올림피아 사우나,올림피아 사우나,정보 부족,,4,2,정보 부족
스파/웰니스,브이스파,브이스파,정보 부족,,4,2,정보 부족
스파/웰니스,골프포트숯가마찜질방,골프포트숯가마찜질방,정보 부족,,4,1,정보 부족
스파/웰니스,레이크사우나,레이크사우나,정보 부족,,4,1,정보 부족
스파/웰니스,명동 머드 사우나,명동 머드 사우나,정보 부족,,4,1,정보 부족
스파/웰니스,스파 더 정,스파 더 정,정보 부족,,4,1,정보 부족
스파/웰니스,준오헤어 강남우성사거리점,준오헤어 강남우성사거리점,정보 부족,,4,1,정보 부족
스파/웰니스,중계스파밸리,중계스파밸리,정보 부족,,4,1,정보 부족
스파/웰니스,Utopia Spa,Utopia Spa,정보 부족,,4,1,정보 부족
스파/웰니스,Bluestone Sports,Bluestone Sports,정보 부족,,4,1,정보 부족
스파/웰니스,골든크라운크로스핏 - 서대문역,골든크라운크로스핏 - 서대문역,정보 부족,,4,1,정보 부족
스파/웰니스,오투 바디앤풋,오투 바디앤풋,정보 부족,,4,1,정보 부족
스파/웰니스,River Sauna,River Sauna,정보 부족,,4,1,정보 부족
스파/웰니스,타이 팰리스,타이 팰리스,정보 부족,,4,1,정보 부족
스파/웰니스,Happy Day Spa,Happy Day Spa,정보 부족,,4,1,정보 부족
스파/웰니스,더풋샵 - 종로점,더풋샵 - 종로점,정보 부족,,3.8,5,정보 부족
스파/웰니스,약손119마사지,약손119마사지,정보 부족,,3.7,3,정보 부족
스파/웰니스,겔랑 스파,겔랑 스파,정보 부족,,3.6,5,정보 부족
스파/웰니스,우 마사지,우 마사지,정보 부족,,3.5,6,정보 부족
스파/웰니스,잠실수양불한증막,잠실수양불한증막,정보 부족,,3.5,2,정보 부족
스파/웰니스,명동미용실 박준뷰티랩,명동미용실 박준뷰티랩,정보 부족,,3.4,5,정보 부족
스파/웰니스,국일관,국일관,정보 부족,,3.3,7,정보 부족
스파/웰니스,봉일스파랜드,봉일스파랜드,정보 부족,,3.3,3,정보 부족
스파/웰니스,롯데 불한증막 사우나,롯데 불한증막 사우나,정보 부족,,3.3,3,정보 부족
스파/웰니스,주노헤어 명동2,주노헤어 명동2,정보 부족,,3.2,5,정보 부족
스파/웰니스,동대문마사지,동대문마사지,정보 부족,,3,3,정보 부족
스파/웰니스,얼짱몸짱 이수점,얼짱몸짱 이수점,정보 부족,,3,3,정보 부족
스파/웰니스,관악프라자,관악프라자,정보 부족,,3,2,정보 부족
스파/웰니스,히마와리 마사지 & 카페,히마와리 마사지 & 카페,정보 부족,,3,2,정보 부족
스파/웰니스,개화산랜드,개화산랜드,정보 부족,,3,1,정보 부족
스파/웰니스,목동헬스대중사우나,목동헬스대중사우나,정보 부족,,3,1,정보 부족
스파/웰니스,약손명가 본점,약손명가 본점,정보 부족,,3,1,정보 부족
스파/웰니스,신촌 불한증막,신촌 불한증막,정보 부족,,3,1,정보 부족
스파/웰니스,드림 배쓰,드림 배쓰,정보 부족,,3,1,정보 부족
스파/웰니스,Jeonggeon Sauna,Jeonggeon Sauna,정보 부족,,3,1,정보 부족
스파/웰니스,씨앤미스파밸리,씨앤미스파밸리,정보 부족,,3,1,정보 부족
스파/웰니스,명동황금사우나,명동황금사우나,정보 부족,,2.7,7,정보 부족
스파/웰니스,주양보석불가마사우나,주양보석불가마사우나,정보 부족,,2.7,3,정보 부족
스파/웰니스,월드컵 스파랜드 24,월드컵 스파랜드 24,정보 부족,,2.5,8,정보 부족
스파/웰니스,풍림24시불가마사우나,풍림24시불가마사우나,정보 부족,,2.3,8,정보 부족
스파/웰니스,한성보석사우나,한성보석사우나,정보 부족,,2,1,정보 부족
스파/웰니스,천지연,천지연,정보 부족,,1.5,8,정보 부족
스파/웰니스,명동 마사지샵 히카리,명동 마사지샵 히카리,정보 부족,,1,8,정보 부족
스파/웰니스,포레나의원,포레나의원,정보 부족,,1,2,정보 부족
스파/웰니스,동영휘트니스클럽,동영휘트니스클럽,정보 부족,,1,1,정보 부족
스파/웰니스,Shine Beam,Shine Beam,정보 부족,,1,1,정보 부족
스파/웰니스,우리랜드 보석 불가마 사우나,우리랜드 보석 불가마 사우나,정보 부족,,,0,정보 부족
스파/웰니스,The SEOL:HA,The SEOL:HA,정보 부족,,,0,정보 부족
스파/웰니스,클럽케이서울,클럽케이서울,정보 부족,,,0,정보 부족
스파/웰니스,시그니엘 에비앙 스파 - 서울,시그니엘 에비앙 스파 - 서울,정보 부족,,,0,정보 부족
스파/웰니스,장안온천,장안온천,정보 부족,,,0,정보 부족
스파/웰니스,네이버한방사우나,네이버한방사우나,정보 부족,,,0,정보 부족
스파/웰니스,종로사우나,종로사우나,정보 부족,,,0,정보 부족
스파/웰니스,호텔 프리마 사우나,호텔 프리마 사우나,정보 부족,,,0,정보 부족
스파/웰니스,짐박스피트니스 강남점,짐박스피트니스 강남점,정보 부족,,,0,정보 부족
스파/웰니스,A3 SPA (Myeongdong),A3 SPA (Myeongdong),정보 부족,,,0,정보 부족
스파/웰니스,성원상떼빌휘트니스사우나,성원상떼빌휘트니스사우나,정보 부족,,,0,정보 부족
스파/웰니스,구동명 쾌유마사지 - 강남점,구동명 쾌유마사지 - 강남점,정보 부족,,,0,정보 부족
스파/웰니스,Mixsoon Flagship Store/Skin Analysis,Mixsoon Flagship Store/Skin Analysis,정보 부족,,,0,정보 부족
스파/웰니스,The Seol:ha,The Seol:ha,정보 부족,,,0,정보 부족
스파/웰니스,삿갓봉사우나,삿갓봉사우나,정보 부족,,,0,정보 부족
스파/웰니스,Pilates English Seoul,Pilates English Seoul,정보 부족,,,0,정보 부족
스파/웰니스,휴마사지,휴마사지,정보 부족,,,0,정보 부족
스파/웰니스,천수24시불한증막사우나,천수24시불한증막사우나,정보 부족,,,0,정보 부족
스파/웰니스,반타이 스파,반타이 스파,정보 부족,,,0,정보 부족
스파/웰니스,인왕목욕탕,인왕목욕탕,정보 부족,,,0,정보 부족
스파/웰니스,스파에이르 - 롯데백화점 영등포점,스파에이르 - 롯데백화점 영등포점,정보 부족,,,0,정보 부족
스파/웰니스,원삼탕,원삼탕,정보 부족,,,0,정보 부족
스파/웰니스,귀족 마사지,귀족 마사지,정보 부족,,,0,정보 부족
스파/웰니스,Abijou Clinic Myeongdong,Abijou Clinic Myeongdong,정보 부족,,,0,정보 부족
스파/웰니스,Seolleung Spa For Men,Seolleung Spa For Men,정보 부족,,,0,정보 부족
스파/웰니스,헤이오브제,헤이오브제,정보 부족,,,0,정보 부족
스파/웰니스,센트럴스파,센트럴스파,정보 부족,,,0,정보 부족
스파/웰니스,현대 사우나,현대 사우나,정보 부족,,,0,정보 부족
스파/웰니스,엄마손사우나,엄마손사우나,정보 부족,,,0,정보 부족
스파/웰니스,대림불가마사우나,대림불가마사우나,정보 부족,,,0,정보 부족
스파/웰니스,뷔너스불가마사우나,뷔너스불가마사우나,정보 부족,,,0,정보 부족
스파/웰니스,아름답다 필라테스,아름답다 필라테스,정보 부족,,,0,정보 부족
스파/웰니스,삼성대중목욕탕,삼성대중목욕탕,정보 부족,,,0,정보 부족
스파/웰니스,까사델아구아,까사델아구아,정보 부족,,,0,정보 부족
스파/웰니스,하노이 풋앤바디 압구정점,하노이 풋앤바디 압구정점,정보 부족,,,0,정보 부족
스파/웰니스,더 스파 앳 그랜드머큐어,더 스파 앳 그랜드머큐어,정보 부족,,,0,정보 부족
스파/웰니스,세방사우나헬스클럽,세방사우나헬스클럽,정보 부족,,,0,정보 부족
스파/웰니스,요가여민블리스,요가여민블리스,정보 부족,,,0,정보 부족
스파/웰니스,Onmyung Holistic Scalp & Body Wellness,Onmyung Holistic Scalp & Body Wellness,정보 부족,,,0,정보 부족
스파/웰니스,GOYO Wellness the Hannam,GOYO Wellness the Hannam,정보 부족,,,0,정보 부족
스파/웰니스,더포레스파 반포점,더포레스파 반포점,정보 부족,,,0,정보 부족
스파/웰니스,아덴스파,아덴스파,정보 부족,,,0,정보 부족
스파/웰니스,한남대중사우나,한남대중사우나,정보 부족,,,0,정보 부족
스파/웰니스,더포레스파 서울숲점,더포레스파 서울숲점,정보 부족,,,0,정보 부족
스파/웰니스,테마사우나,테마사우나,정보 부족,,,0,정보 부족
스파/웰니스,약수목욕탕,약수목욕탕,정보 부족,,,0,정보 부족
스파/웰니스,모생떼 헤드스파 강남점,모생떼 헤드스파 강남점,정보 부족,,,0,정보 부족
스파/웰니스,Salon De Dr.tune's,Salon De Dr.tune's,정보 부족,,,0,정보 부족
스파/웰니스,더하노이풋앤바디 양재역점,더하노이풋앤바디 양재역점,정보 부족,,,0,정보 부족
스파/웰니스,더블루스파,더블루스파,정보 부족,,,0,정보 부족
스파/웰니스,바디앤풋서초양재,바디앤풋서초양재,정보 부족,,,0,정보 부족
스파/웰니스,장충문화체육센터,장충문화체육센터,정보 부족,,,0,정보 부족
스파/웰니스,구동명 풋 마사지 - 신사점,구동명 풋 마사지 - 신사점,정보 부족,,,0,정보 부족
스파/웰니스,Lesso Pilates Studio,Lesso Pilates Studio,정보 부족,,,0,정보 부족
스파/웰니스,스파달항 청담,스파달항 청담,정보 부족,,,0,정보 부족
스파/웰니스,고센 뷰티,고센 뷰티,정보 부족,,,0,정보 부족
스파/웰니스,Abijou Clinic Gangnam,Abijou Clinic Gangnam,정보 부족,,,0,정보 부족
스파/웰니스,네일 식스,네일 식스,정보 부족,,,0,정보 부족
스파/웰니스,에스파 앳 페어몬트,에스파 앳 페어몬트,정보 부족,,,0,정보 부족
스파/웰니스,Eco Jardin Premium Hair Salon,Eco Jardin Premium Hair Salon,정보 부족,,,0,정보 부족
스파/웰니스,스위스퍼펙션스파,스위스퍼펙션스파,정보 부족,,,0,정보 부족
스파/웰니스,헤이오브제,헤이오브제,정보 부족,,,0,정보 부족
스파/웰니스,신신사우나,신신사우나,정보 부족,,,0,정보 부족
스파/웰니스,백제불한증막 인삼사우나,백제불한증막 인삼사우나,정보 부족,,,0,정보 부족
스파/웰니스,춘천옥산가옥불가마,춘천옥산가옥불가마,정보 부족,,,0,정보 부족
스파/웰니스,경원스파랜드,경원스파랜드,정보 부족,,,0,정보 부족
스파/웰니스,네츄럴스파 블랑,네츄럴스파 블랑,정보 부족,,,0,정보 부족
스파/웰니스,휴테라피 홍대,휴테라피 홍대,정보 부족,,,0,정보 부족
스파/웰니스,AHC 스파 - 신사점,AHC 스파 - 신사점,정보 부족,,,0,정보 부족
스파/웰니스,Butfitground Dogok,Butfitground Dogok,정보 부족,,,0,정보 부족
스파/웰니스,쉐라톤 불가마 사우나,쉐라톤 불가마 사우나,정보 부족,,,0,정보 부족
스파/웰니스,윤정문안마원,윤정문안마원,정보 부족,,,0,정보 부족
스파/웰니스,서울시티크루 헬스장,서울시티크루 헬스장,정보 부족,,,0,정보 부족
스파/웰니스,더풋샵이태원점,더풋샵이태원점,정보 부족,,,0,정보 부족
스파/웰니스,스파 임벨리스,스파 임벨리스,정보 부족,,,0,정보 부족
스파/웰니스,Xeo Hair Salon Hongdae South Korea,Xeo Hair Salon Hongdae South Korea,정보 부족,,,0,정보 부족
스파/웰니스,디본디 스킨앤바디,디본디 스킨앤바디,정보 부족,,,0,정보 부족
스파/웰니스,라온스파,라온스파,정보 부족,,,0,정보 부족
스파/웰니스,스톤 하우스 헤드 스파,스톤 하우스 헤드 스파,정보 부족,,,0,정보 부족
스파/웰니스,크라스니네일,크라스니네일,정보 부족,,,0,정보 부족
스파/웰니스,역발산헬스클럽,역발산헬스클럽,정보 부족,,,0,정보 부족
스파/웰니스,Muse Clinic Gangnam,Muse Clinic Gangnam,정보 부족,,,0,정보 부족
스파/웰니스,MOCLOCK 두피 트리트먼트 | 강남,MOCLOCK 두피 트리트먼트 | 강남,정보 부족,,,0,정보 부족
스파/웰니스,백경사우나,백경사우나,정보 부족,,,0,정보 부족
스파/웰니스,현대불가마사우나,현대불가마사우나,정보 부족,,,0,정보 부족
스파/웰니스,프롬어스헤어 석촌호수점,프롬어스헤어 석촌호수점,정보 부족,,,0,정보 부족
스파/웰니스,대경아쿠아월드사우나,대경아쿠아월드사우나,정보 부족,,,0,정보 부족
스파/웰니스,Healing Hills SPA,Healing Hills SPA,정보 부족,,,0,정보 부족
스파/웰니스,Aya Seoul,Aya Seoul,정보 부족,,,0,정보 부족
스파/웰니스,기븐스파,기븐스파,정보 부족,,,0,정보 부족
스파/웰니스,에덴옥사우나,에덴옥사우나,정보 부족,,,0,정보 부족
스파/웰니스,르보아 더 강남,르보아 더 강남,정보 부족,,,0,정보 부족
스파/웰니스,김선희피부경락실,김선희피부경락실,정보 부족,,,0,정보 부족
스파/웰니스,Spa Day,Spa Day,정보 부족,,,0,정보 부족
스파/웰니스,카스탈리아,카스탈리아,정보 부족,,,0,정보 부족
스파/웰니스,모산테 헤드 스파 강남,모산테 헤드 스파 강남,정보 부족,,,0,정보 부족
스파/웰니스,일진남성사우나,일진남성사우나,정보 부족,,,0,정보 부족
스파/웰니스,프리미엄 L 스파 & 왁싱,프리미엄 L 스파 & 왁싱,정보 부족,,,0,정보 부족
스파/웰니스,Kokode Artmake,Kokode Artmake,정보 부족,,,0,정보 부족
스파/웰니스,빌드업피트니스 성수역점,빌드업피트니스 성수역점,정보 부족,,,0,정보 부족
스파/웰니스,학동역 타이 - 강남 예본 테라피,학동역 타이 - 강남 예본 테라피,정보 부족,,,0,정보 부족
스파/웰니스,디프네 청담본점,디프네 청담본점,정보 부족,,,0,정보 부족
스파/웰니스,포슬렌스포츠,포슬렌스포츠,정보 부족,,,0,정보 부족
스파/웰니스,마르퀴스 더말 스파,마르퀴스 더말 스파,정보 부족,,,0,정보 부족
스파/웰니스,Bay by Heoseulgi Spa & Bleach Hongdae,Bay by Heoseulgi Spa & Bleach Hongdae,정보 부족,,,0,정보 부족
스파/웰니스,아워스튜디오브로우,아워스튜디오브로우,정보 부족,,,0,정보 부족
스파/웰니스,Leezu Nail,Leezu Nail,정보 부족,,,0,정보 부족
스파/웰니스,중앙탕,중앙탕,정보 부족,,,0,정보 부족
스파/웰니스,금강산보석사우나,금강산보석사우나,정보 부족,,,0,정보 부족
스파/웰니스,정체마사지,정체마사지,정보 부족,,,0,정보 부족
스파/웰니스,F45 트레이닝 역삼,F45 트레이닝 역삼,정보 부족,,,0,정보 부족
스파/웰니스,대호사우나,대호사우나,정보 부족,,,0,정보 부족
스파/웰니스,라온 에스테틱,라온 에스테틱,정보 부족,,,0,정보 부족
스파/웰니스,Spa by Beaute BR,Spa by Beaute BR,정보 부족,,,0,정보 부족
스파/웰니스,Xcrew Pilates near Hongadae,Xcrew Pilates near Hongadae,정보 부족,,,0,정보 부족
스파/웰니스,한솔24시불가마,한솔24시불가마,정보 부족,,,0,정보 부족
스파/웰니스,얼짱몸짱 신천역점,얼짱몸짱 신천역점,정보 부족,,,0,정보 부족
스파/웰니스,벨뷰의원,벨뷰의원,정보 부족,,,0,정보 부족
스파/웰니스,한국 스킨 스파,한국 스킨 스파,정보 부족,,,0,정보 부족
스파/웰니스,Gangnam Spa,Gangnam Spa,정보 부족,,,0,정보 부족
스파/웰니스,엘피지오 청담,엘피지오 청담,정보 부족,,,0,정보 부족
스파/웰니스,보일드 요가,보일드 요가,정보 부족,,,0,정보 부족
스파/웰니스,Seoul Seonmudo Center,Seoul Seonmudo Center,정보 부족,,,0,정보 부족
스파/웰니스,조시안 로르 파리,조시안 로르 파리,정보 부족,,,0,정보 부족
스파/웰니스,우리스파사우나,우리스파사우나,정보 부족,,,0,정보 부족
스파/웰니스,프리미어 스파,프리미어 스파,정보 부족,,,0,정보 부족
스파/웰니스,Uri Yuhwang Hot Spring,Uri Yuhwang Hot Spring,정보 부족,,,0,정보 부족
스파/웰니스,라움 케이스타 스파,라움 케이스타 스파,정보 부족,,,0,정보 부족
스파/웰니스,청량리진주불한증막,청량리진주불한증막,정보 부족,,,0,정보 부족
스파/웰니스,Sofitel Spa by Beaute BR,Sofitel Spa by Beaute BR,정보 부족,,,0,정보 부족
스파/웰니스,생크몽드스파,생크몽드스파,정보 부족,,,0,정보 부족
스파/웰니스,스킨케어5000 신촌점,스킨케어5000 신촌점,정보 부족,,,0,정보 부족
스파/웰니스,달리아 에스테틱 신촌점,달리아 에스테틱 신촌점,정보 부족,,,0,정보 부족
스파/웰니스,Vog hair K-beauty Hongdae lounge,Vog hair K-beauty Hongdae lounge,정보 부족,,,0,정보 부족
스파/웰니스,중앙사우나,중앙사우나,정보 부족,,,0,정보 부족
스파/웰니스,샹프리스파,샹프리스파,정보 부족,,,0,정보 부족
스파/웰니스,마리에스테틱,마리에스테틱,정보 부족,,,0,정보 부족
스파/웰니스,M Mud Spa,M Mud Spa,정보 부족,,,0,정보 부족
스파/웰니스,스파하라,스파하라,정보 부족,,,0,정보 부족
스파/웰니스,스킨 스파,스킨 스파,정보 부족,,,0,정보 부족
스파/웰니스,Lavirgule SPA,Lavirgule SPA,정보 부족,,,0,정보 부족
스파/웰니스,Lumio Beauty House,Lumio Beauty House,정보 부족,,,0,정보 부족
스파/웰니스,LEE HEA KYUNG Aesthetic & Spa,LEE HEA KYUNG Aesthetic & Spa,정보 부족,,,0,정보 부족
스파/웰니스,케빈스캐빈,케빈스캐빈,정보 부족,,,0,정보 부족
스파/웰니스,SPOTHERAPY MASSAGE Gwanghwamun,SPOTHERAPY MASSAGE Gwanghwamun,정보 부족,,,0,정보 부족
스파/웰니스,Duseung Daejung Mogyoktang,Duseung Daejung Mogyoktang,정보 부족,,,0,정보 부족
스파/웰니스,뷰티앤슬림라인,뷰티앤슬림라인,정보 부족,,,0,정보 부족
스파/웰니스,왁싱무드,왁싱무드,정보 부족,,,0,정보 부족
스파/웰니스,보그헤어,보그헤어,정보 부족,,,0,정보 부족
스파/웰니스,Hanjin Bulgama Sauna,Hanjin Bulgama Sauna,정보 부족,,,0,정보 부족
스파/웰니스,데이데이 헤어메이크업,데이데이 헤어메이크업,정보 부족,,,0,정보 부족
스파/웰니스,Yongsan Skin Care Yuil Skin,Yongsan Skin Care Yuil Skin,정보 부족,,,0,정보 부족
스파/웰니스,네츄럴타이스파 영등포점,네츄럴타이스파 영등포점,정보 부족,,,0,정보 부족
스파/웰니스,Sutada Headspa,Sutada Headspa,정보 부족,,,0,정보 부족
스파/웰니스,Unistella,Unistella,정보 부족,,,0,정보 부족
스파/웰니스,알파트레이닝센터,알파트레이닝센터,정보 부족,,,0,정보 부족
스파/웰니스,Sunny Permanent Makeup,Sunny Permanent Makeup,정보 부족,,,0,정보 부족
스파/웰니스,폭포수싸우나,폭포수싸우나,정보 부족,,,0,정보 부족
스파/웰니스,Haengbok Skin Care,Haengbok Skin Care,정보 부족,,,0,정보 부족
스파/웰니스,토성사우나,토성사우나,정보 부족,,,0,정보 부족
스파/웰니스,대호사우나,대호사우나,정보 부족,,,0,정보 부족
스파/웰니스,천호 바로선 필라테스,천호 바로선 필라테스,정보 부족,,,0,정보 부족
스파/웰니스,보그헤어,보그헤어,정보 부족,,,0,정보 부족
스파/웰니스,Masenne Hongdae Main Branch,Masenne Hongdae Main Branch,정보 부족,,,0,정보 부족
스파/웰니스,샤론에스테틱,샤론에스테틱,정보 부족,,,0,정보 부족
스파/웰니스,M Mud Spa,M Mud Spa,정보 부족,,,0,정보 부족
스파/웰니스,Abijou Clinic Hongdae,Abijou Clinic Hongdae,정보 부족,,,0,정보 부족
스파/웰니스,"나의 봄, 헤어","나의 봄, 헤어",정보 부족,,,0,정보 부족
스파/웰니스,Premier Spa,Premier Spa,정보 부족,,,0,정보 부족
스파/웰니스,TWW Flagship Store,TWW Flagship Store,정보 부족,,,0,정보 부족
스파/웰니스,약손명가 수유점,약손명가 수유점,정보 부족,,,0,정보 부족
스파/웰니스,Myeongdong Condition Massage,Myeongdong Condition Massage,정보 부족,,,0,정보 부족
스파/웰니스,Fleurjardin,Fleurjardin,정보 부족,,,0,정보 부족
스파/웰니스,산호탕,산호탕,정보 부족,,,0,정보 부족
스파/웰니스,Kleam Myeondong,Kleam Myeondong,정보 부족,,,0,정보 부족
스파/웰니스,Lee Hye Kyung Beauty Salon,Lee Hye Kyung Beauty Salon,정보 부족,,,0,정보 부족
스파/웰니스,비원웰니스,비원웰니스,정보 부족,,,0,정보 부족
스파/웰니스,휴봄스파,휴봄스파,정보 부족,,,0,정보 부족
스파/웰니스,Leekaja Hairbis Cheonho Branch,Leekaja Hairbis Cheonho Branch,정보 부족,,,0,정보 부족
스파/웰니스,도원화,도원화,정보 부족,,,0,정보 부족
스파/웰니스,유성목욕탕,유성목욕탕,정보 부족,,,0,정보 부족
스파/웰니스,비볼드 홍대,비볼드 홍대,정보 부족,,,0,정보 부족
스파/웰니스,Jivaka Beauty,Jivaka Beauty,정보 부족,,,0,정보 부족
스파/웰니스,Mo.n_sugaring Waxing And Beauty,Mo.n_sugaring Waxing And Beauty,정보 부족,,,0,정보 부족
스파/웰니스,엑센트헤어 석촌역점,엑센트헤어 석촌역점,정보 부족,,,0,정보 부족
스파/웰니스,Id Hair Munjeoung,Id Hair Munjeoung,정보 부족,,,0,정보 부족
스파/웰니스,아크라뷰티테라피,아크라뷰티테라피,정보 부족,,,0,정보 부족
스파/웰니스,준오헤어 마포해링턴점,준오헤어 마포해링턴점,정보 부족,,,0,정보 부족
스파/웰니스,Earthness Spa Massage,Earthness Spa Massage,정보 부족,,,0,정보 부족
스파/웰니스,nandaaloma,nandaaloma,정보 부족,,,0,정보 부족
스파/웰니스,천지연,천지연,정보 부족,,,0,정보 부족
스파/웰니스,스파에이르 - 강남점,스파에이르 - 강남점,정보 부족,,,0,정보 부족
스파/웰니스,Hanoi Songpa Heliocity,Hanoi Songpa Heliocity,정보 부족,,,0,정보 부족
스파/웰니스,Global Health Korea,Global Health Korea,정보 부족,,,0,정보 부족
스파/웰니스,Nest Clinic,Nest Clinic,정보 부족,,,0,정보 부족
스파/웰니스,예스뷰티,예스뷰티,정보 부족,,,0,정보 부족
스파/웰니스,데이앤헤어(신촌점),데이앤헤어(신촌점),정보 부족,,,0,정보 부족
스파/웰니스,슈 속눈썹 & 헤드스파,슈 속눈썹 & 헤드스파,정보 부족,,,0,정보 부족
스파/웰니스,The Flow Room Yoga Studio,The Flow Room Yoga Studio,정보 부족,,,0,정보 부족
스파/웰니스,Premium Scalp Spa by Parkjun BeautyLab Seongsu Perfume,Premium Scalp Spa by Parkjun BeautyLab Seongsu Perfume,정보 부족,,,0,정보 부족
스파/웰니스,스파클래식 삼성점,스파클래식 삼성점,정보 부족,,,0,정보 부족
스파/웰니스,란 타이테라피,란 타이테라피,정보 부족,,,0,정보 부족
스파/웰니스,Myeongdong Amu Hair,Myeongdong Amu Hair,정보 부족,,,0,정보 부족
스파/웰니스,씨레져,씨레져,정보 부족,,,0,정보 부족
스파/웰니스,G&G,G&G,정보 부족,,,0,정보 부족
스파/웰니스,Jungryohan spa,Jungryohan spa,정보 부족,,,0,정보 부족
스파/웰니스,천수 테라피,천수 테라피,정보 부족,,,0,정보 부족
스파/웰니스,동아웰빙사우나,동아웰빙사우나,정보 부족,,,0,정보 부족
스파/웰니스,현대보석사우나,현대보석사우나,정보 부족,,,0,정보 부족
스파/웰니스,Hanshin 24 Shi Hwaseok Sogeum Jjimjilbang,Hanshin 24 Shi Hwaseok Sogeum Jjimjilbang,정보 부족,,,0,정보 부족
스파/웰니스,보그헤어,보그헤어,정보 부족,,,0,정보 부족
스파/웰니스,뉴봉이랜드,뉴봉이랜드,정보 부족,,,0,정보 부족
스파/웰니스,The Foot Shop,The Foot Shop,정보 부족,,,0,정보 부족
스파/웰니스,Vera Beauty Town,Vera Beauty Town,정보 부족,,,0,정보 부족
스파/웰니스,Body Wells Fitness,Body Wells Fitness,정보 부족,,,0,정보 부족
스파/웰니스,해모수불한증막,해모수불한증막,정보 부족,,,0,정보 부족
스파/웰니스,Guemdanbiga Jamsil,Guemdanbiga Jamsil,정보 부족,,,0,정보 부족
스파/웰니스,Haneul Baram,Haneul Baram,정보 부족,,,0,정보 부족
스파/웰니스,레보 - 힐링 스파,레보 - 힐링 스파,정보 부족,,,0,정보 부족
스파/웰니스,DeOriental Massage & SPA Seoul,DeOriental Massage & SPA Seoul,정보 부족,,,0,정보 부족
스파/웰니스,Fiorael,Fiorael,정보 부족,,,0,정보 부족
스파/웰니스,Mabe,Mabe,정보 부족,,,0,정보 부족
스파/웰니스,Sincheon Rest,Sincheon Rest,정보 부족,,,0,정보 부족
스파/웰니스,Magic Gyeongrak Piboo Gwanli,Magic Gyeongrak Piboo Gwanli,정보 부족,,,0,정보 부족
스파/웰니스,힘돌소금불가마사우나,힘돌소금불가마사우나,정보 부족,,,0,정보 부족
스파/웰니스,Aesthetic,Aesthetic,정보 부족,,,0,정보 부족
스파/웰니스,Jj Skin Care,Jj Skin Care,정보 부족,,,0,정보 부족
스파/웰니스,미샘 사우나,미샘 사우나,정보 부족,,,0,정보 부족
스파/웰니스,Mallang,Mallang,정보 부족,,,0,정보 부족
스파/웰니스,Vog Hair Hongdae,Vog Hair Hongdae,정보 부족,,,0,정보 부족
스파/웰니스,Ex Rose Sports Center,Ex Rose Sports Center,정보 부족,,,0,정보 부족
스파/웰니스,Shinwon Gungang Land,Shinwon Gungang Land,정보 부족,,,0,정보 부족
스파/웰니스,Angel Koreal Estee,Angel Koreal Estee,정보 부족,,,0,정보 부족
스파/웰니스,Water Pia,Water Pia,정보 부족,,,0,정보 부족
스파/웰니스,달리아 에스테틱 신촌점,달리아 에스테틱 신촌점,정보 부족,,,0,정보 부족
스파/웰니스,Mento,Mento,정보 부족,,,0,정보 부족
스파/웰니스,씨엘에스테틱,씨엘에스테틱,정보 부족,,,0,정보 부족
스파/웰니스,Soon Aesthetic,Soon Aesthetic,정보 부족,,,0,정보 부족
스파/웰니스,Jasae Geongang Center,Jasae Geongang Center,정보 부족,,,0,정보 부족
스파/웰니스,청림비티에스,청림비티에스,정보 부족,,,0,정보 부족
스파/웰니스,Nonhyeon Sauna,Nonhyeon Sauna,정보 부족,,,0,정보 부족
스파/웰니스,Mipeul Gangbyunyeok Store,Mipeul Gangbyunyeok Store,정보 부족,,,0,정보 부족
스파/웰니스,Balgeunsesang,Balgeunsesang,정보 부족,,,0,정보 부족
스파/웰니스,Mipeul Gaeryongyeok Store,Mipeul Gaeryongyeok Store,정보 부족,,,0,정보 부족
스파/웰니스,Mokdong Town Massage Shop,Mokdong Town Massage Shop,정보 부족,,,0,정보 부족
스파/웰니스,Jamsil Fire Sweating Room,Jamsil Fire Sweating Room,정보 부족,,,0,정보 부족
스파/웰니스,Fitness Today,Fitness Today,정보 부족,,,0,정보 부족
스파/웰니스,데이앤헤어,데이앤헤어,정보 부족,,,0,정보 부족
스파/웰니스,Fiorael Therapy,Fiorael Therapy,정보 부족,,,0,정보 부족
스파/웰니스,봉화산사우나,봉화산사우나,정보 부족,,,0,정보 부족
스파/웰니스,아르누보씨티사우나,아르누보씨티사우나,정보 부족,,,0,정보 부족
스파/웰니스,Cheonho Sauna,Cheonho Sauna,정보 부족,,,0,정보 부족
스파/웰니스,Songpa Fire Sweating Room,Songpa Fire Sweating Room,정보 부족,,,0,정보 부족
스파/웰니스,Hwanggeumhee Aesthetic Mokdong Store,Hwanggeumhee Aesthetic Mokdong Store,정보 부족,,,0,정보 부족
스파/웰니스,Yeruhwa,Yeruhwa,정보 부족,,,0,정보 부족
스파/웰니스,Haemosu,Haemosu,정보 부족,,,0,정보 부족
스파/웰니스,Geumdanbiga Jamsil Store,Geumdanbiga Jamsil Store,정보 부족,,,0,정보 부족
스파/웰니스,Barbie Skin Care,Barbie Skin Care,정보 부족,,,0,정보 부족
스파/웰니스,Cheongdambulhanjeungma,Cheongdambulhanjeungma,정보 부족,,,0,정보 부족
스파/웰니스,Songrimtang,Songrimtang,정보 부족,,,0,정보 부족
스파/웰니스,Young Sauna,Young Sauna,정보 부족,,,0,정보 부족
스파/웰니스,Geumgangsan Boseok Boolgama,Geumgangsan Boseok Boolgama,정보 부족,,,0,정보 부족
스파/웰니스,Heungboseok Boolgama Sauna,Heungboseok Boolgama Sauna,정보 부족,,,0,정보 부족
스파/웰니스,Pibushop Hayaneolgul,Pibushop Hayaneolgul,정보 부족,,,0,정보 부족
스파/웰니스,Kimeunah Piboo Gwanlisil,Kimeunah Piboo Gwanlisil,정보 부족,,,0,정보 부족
스파/웰니스,Jamjaneun Soopsokui Gongjoo,Jamjaneun Soopsokui Gongjoo,정보 부족,,,0,정보 부족
스파/웰니스,Dadongtang,Dadongtang,정보 부족,,,0,정보 부족
스파/웰니스,모진탕,모진탕,정보 부족,,,0,정보 부족
스파/웰니스,신성대중탕,신성대중탕,정보 부족,,,0,정보 부족
스파/웰니스,Yakson Myeongga Mokdong Store,Yakson Myeongga Mokdong Store,정보 부족,,,0,정보 부족
스파/웰니스,Jangsutang Yeotang,Jangsutang Yeotang,정보 부족,,,0,정보 부족
스파/웰니스,헤버굿드,헤버굿드,정보 부족,,,0,정보 부족
스파/웰니스,3H 보석 사우나,3H 보석 사우나,정보 부족,,,0,정보 부족
스파/웰니스,아방 거여점,아방 거여점,정보 부족,,,0,정보 부족
스파/웰니스,토마토소금24시사우나,토마토소금24시사우나,정보 부족,,,0,정보 부족
스파/웰니스,SJ 피부사랑,SJ 피부사랑,정보 부족,,,0,정보 부족
스파/웰니스,You One Clinic,You One Clinic,정보 부족,,,0,정보 부족
스파/웰니스,Cellenique Aesthetic,Cellenique Aesthetic,정보 부족,,,0,정보 부족
스파/웰니스,타이스파,타이스파,정보 부족,,,0,정보 부족
스파/웰니스,파크클럽,파크클럽,정보 부족,,,0,정보 부족
스파/웰니스,Areumdeuri Aesthetic,Areumdeuri Aesthetic,정보 부족,,,0,정보 부족
스파/웰니스,Mokseok Hwasoo,Mokseok Hwasoo,정보 부족,,,0,정보 부족
스파/웰니스,Daehan Aroma,Daehan Aroma,정보 부족,,,0,정보 부족
스파/웰니스,Soon Piboo Sarang,Soon Piboo Sarang,정보 부족,,,0,정보 부족
스파/웰니스,Hyundai Green Sauna,Hyundai Green Sauna,정보 부족,,,0,정보 부족
스파/웰니스,Satesthe,Satesthe,정보 부족,,,0,정보 부족
스파/웰니스,스킨앤조이,스킨앤조이,정보 부족,,,0,정보 부족
스파/웰니스,다스원인테리어,다스원인테리어,정보 부족,,,0,정보 부족
스파/웰니스,햄프리웰빙관,햄프리웰빙관,정보 부족,,,0,정보 부족
스파/웰니스,동현산업회사,동현산업회사,정보 부족,,,0,정보 부족
스파/웰니스,Micos Piboo Gwanlisil,Micos Piboo Gwanlisil,정보 부족,,,0,정보 부족
스파/웰니스,Jinyang Metro Jjimjil Sauna,Jinyang Metro Jjimjil Sauna,정보 부족,,,0,정보 부족
스파/웰니스,Yangpa Fire Sweating Room,Yangpa Fire Sweating Room,정보 부족,,,0,정보 부족
스파/웰니스,Ladino,Ladino,정보 부족,,,0,정보 부족
스파/웰니스,메디컬블룸,메디컬블룸,정보 부족,,,0,정보 부족
스파/웰니스,dei & heeo,dei & heeo,정보 부족,,,0,정보 부족
스파/웰니스,Vonestis,Vonestis,정보 부족,,,0,정보 부족
스파/웰니스,준오헤어 마포해링턴점,준오헤어 마포해링턴점,정보 부족,,,0,정보 부족
스파/웰니스,Vog Hair Hongdae Street,Vog Hair Hongdae Street,정보 부족,,,0,정보 부족